{"cameraMode":{"drawMode":0,"name":"Shaded","section":"Shading Mode"},"sceneLighting":true,"audioPlay":false,"sceneViewState":{"m_AlwaysRefresh":false,"showFog":true,"showSkybox":true,"showFlares":true,"showImageEffects":true,"showParticleSystems":true,"showVisualEffectGraphs":true,"m_FxEnabled":true},"in2DMode":false,"pivot":{"x":-6.940744400024414,"y":33.70989227294922,"z":5.250988006591797},"rotation":{"x":0.02841346710920334,"y":0.16363045573234559,"z":-0.004727256018668413,"w":0.9861009120941162},"size":15.789032936096192,"orthographic":false}