{"cameraMode":{"drawMode":0,"name":"Shaded","section":"Shading Mode"},"sceneLighting":true,"audioPlay":false,"sceneViewState":{"m_AlwaysRefresh":false,"showFog":true,"showSkybox":true,"showFlares":true,"showImageEffects":true,"showParticleSystems":true,"showVisualEffectGraphs":true,"m_FxEnabled":true},"in2DMode":false,"pivot":{"x":-4.702907085418701,"y":1.0164648294448853,"z":-6.332416534423828},"rotation":{"x":-0.0015072319656610489,"y":0.9980760216712952,"z":0.026645641773939134,"w":0.055991921573877338},"size":1.457737922668457,"orthographic":false}