{"cameraMode":{"drawMode":0,"name":"Shaded","section":"Shading Mode"},"sceneLighting":true,"audioPlay":false,"sceneViewState":{"m_AlwaysRefresh":false,"showFog":true,"showSkybox":true,"showFlares":true,"showImageEffects":true,"showParticleSystems":true,"showVisualEffectGraphs":true,"m_FxEnabled":true},"in2DMode":false,"pivot":{"x":178.41566467285157,"y":113.02928924560547,"z":101.99361419677735},"rotation":{"x":0.11074620485305786,"y":-0.14621485769748689,"z":-0.016430793330073358,"w":-0.9829275012016296},"size":199.33096313476563,"orthographic":false}