{"cameraMode":{"drawMode":0,"name":"Shaded","section":"Shading Mode"},"sceneLighting":true,"audioPlay":false,"sceneViewState":{"m_AlwaysRefresh":false,"showFog":true,"showSkybox":true,"showFlares":true,"showImageEffects":true,"showParticleSystems":true,"showVisualEffectGraphs":true,"m_FxEnabled":true},"in2DMode":false,"pivot":{"x":0.30054759979248049,"y":2.550079345703125,"z":-1.710099220275879},"rotation":{"x":-0.055685121566057208,"y":0.925480306148529,"z":-0.15012243390083314,"w":-0.34328991174697878},"size":5.4959635734558109,"orthographic":false}